ID,titulo practica,RUT Companhia,sueldo,modalidad,formato
69689,Practicante en Investigación Social,77508794-3,204279,Trabajo presencial,Jornadas flexibles
69007,Practicante en Óptica y Fotónica,77508794-3,314407,Trabajo remoto,Jornada de tiempo parcial
55058,Practicante en Demografía,77508794-3,287994,Trabajo presencial,Jornada de tiempo parcial
30746,Practicante en Docencia Histórica,77508794-3,292517,Trabajo remoto,Jornadas flexibles
45480,Practicante en Identidad Corporativa,77508794-3,360413,Trabajo presencial,Jornada de medio tiempo
50258,Practicante en Educación Especial,77508794-3,221982,Trabajo presencial,Jornada de tiempo parcial
3690,Practicante en Vías y Transporte,77508794-3,329233,Trabajo presencial,Jornada de tiempo completo
34720,Practicante en Diseño de Interiores,77508794-3,212117,Trabajo presencial,Jornada de tiempo parcial
50766,Practicante en Edición de Video,77508794-3,245911,Trabajo remoto,Jornadas de turnos
84718,Practicante en Redes,77508794-3,344707,Trabajo presencial,Jornada de tiempo parcial
46915,Practicante en Consultoría Empresarial,77508794-3,287423,Trabajo presencial,Jornada de medio tiempo
48983,Practicante en Psicología Escolar,77508794-3,398549,Trabajo remoto,Jornada de medio tiempo
97553,Practicante en Restauración Patrimonial,77508794-3,219668,Trabajo presencial,Jornadas de turnos
12115,Practicante en Ecología,77508794-3,285672,Trabajo presencial,Jornada de tiempo parcial
57915,Practicante en Endodoncia,77508794-3,249966,Trabajo presencial,Jornada de tiempo completo
39110,Practicante en Logística,77508794-3,253471,Trabajo presencial,Jornada de tiempo completo
60682,Practicante en Geriatría,77508794-3,322534,Trabajo presencial,Jornadas de turnos
99173,Practicante en Didáctica de la Historia,77508794-3,293597,Trabajo presencial,Jornada de tiempo parcial
56665,Practicante en Química Analítica,77508794-3,311978,Trabajo remoto,Jornada de medio tiempo
31150,Practicante en Nanotecnología,77513223-K,220310,Trabajo presencial,Jornadas flexibles
44673,Practicante en Sistemas de Control,77514626-5,346871,Trabajo remoto,Jornada de medio tiempo
95216,Practicante en Odontopediatría,77514626-5,213468,Trabajo remoto,Jornadas de turnos
62406,Practicante en Museología,77514626-5,239389,Trabajo remoto,Jornada de tiempo completo
14415,Practicante en Asistencia Social,77514626-5,294532,Trabajo presencial,Jornada de medio tiempo
70146,Practicante en Geotecnia,77514626-5,217184,Trabajo remoto,Jornada de medio tiempo
75385,Practicante en Identidad Corporativa,77518872-3,437499,Trabajo remoto,Jornada de medio tiempo
18998,Practicante en Química Orgánica,77518872-3,294455,Trabajo remoto,Jornadas flexibles
89718,Practicante en Mapeo Geológico,77518872-3,342349,Trabajo remoto,Jornadas flexibles
45780,Practicante en Investigación Histórica,77518872-3,309075,Trabajo remoto,Jornadas de turnos
90363,Practicante en Ingeniería Estructural,77518872-3,289650,Trabajo presencial,Jornada de tiempo parcial
97041,Practicante en Automatización,77518872-3,216736,Trabajo presencial,Jornadas de turnos
83816,Practicante en Ginecología,77518872-3,340201,Trabajo presencial,Jornadas flexibles
91870,Practicante en Docencia Histórica,77518872-3,252974,Trabajo remoto,Jornada de tiempo completo
63841,Practicante en Inteligencia Artificial,77518872-3,307343,Trabajo presencial,Jornadas flexibles
18523,Practicante en Óptica y Fotónica,77518872-3,211420,Trabajo remoto,Jornadas de turnos
82301,Practicante en Física Nuclear,77518872-3,375020,Trabajo presencial,Jornada de tiempo completo
1254,Practicante en Derecho Corporativo,77518872-3,238891,Trabajo remoto,Jornada de tiempo parcial
19814,Practicante en Didáctica de la Historia,77518872-3,345325,Trabajo remoto,Jornada de tiempo completo
98332,Practicante en Salud Mental,77518872-3,242755,Trabajo remoto,Jornadas de turnos
64214,Practicante en Terapia Respiratoria,77518872-3,376640,Trabajo remoto,Jornadas flexibles
82596,Practicante en Derecho Familiar,77518872-3,240150,Trabajo remoto,Jornada de tiempo parcial
41511,Practicante en Cirugía,77518872-3,254467,Trabajo presencial,Jornada de tiempo parcial
47531,Practicante en Derecho Penal,77518872-3,346937,Trabajo presencial,Jornada de tiempo parcial
57493,Practicante en Psicología Forense,77518872-3,220762,Trabajo remoto,Jornada de medio tiempo
73504,Practicante en Nanotecnología,77518872-3,261601,Trabajo presencial,Jornada de medio tiempo
38949,Practicante en Gestión Escolar,77518872-3,225614,Trabajo remoto,Jornadas de turnos
31358,Practicante en Animación y Modelado 3D,77520165-7,206022,Trabajo remoto,Jornada de tiempo parcial
2855,Practicante en Sociología de la Educación,77520165-7,263021,Trabajo presencial,Jornada de tiempo completo
19822,Practicante en Educación Especial,77520165-7,259178,Trabajo remoto,Jornada de medio tiempo
74722,Practicante en Terapia Respiratoria,77520165-7,241590,Trabajo remoto,Jornada de medio tiempo
82905,Practicante en Petrología,77520165-7,208456,Trabajo remoto,Jornada de tiempo completo
32683,Practicante en Internet de las Cosas,77520165-7,293624,Trabajo presencial,Jornada de medio tiempo
38480,Practicante en Arte Digital para Publicidad,77520165-7,209606,Trabajo remoto,Jornada de medio tiempo
59289,Practicante en Endodoncia,77520165-7,235307,Trabajo presencial,Jornada de tiempo parcial
4260,Practicante en Docencia Histórica,77522932-2,364314,Trabajo presencial,Jornadas de turnos
91638,Practicante en Jardín Infantil,77522932-2,256208,Trabajo presencial,Jornada de tiempo completo
94584,Practicante en Periodoncia,77522932-2,332831,Trabajo remoto,Jornadas flexibles
62449,Practicante en Museología,77522932-2,206406,Trabajo remoto,Jornadas de turnos
62203,Practicante en Pedagogía Inclusiva,77522932-2,203521,Trabajo presencial,Jornadas de turnos
10278,Practicante en Derecho Penal,77522932-2,301722,Trabajo presencial,Jornadas flexibles
980,Practicante en Terapia Respiratoria,77522932-2,216193,Trabajo remoto,Jornadas flexibles
76426,Practicante en Obras Civiles,77522932-2,332088,Trabajo remoto,Jornadas de turnos
64335,Practicante en Psicología Forense,77522932-2,219945,Trabajo remoto,Jornada de tiempo parcial
20682,Practicante en Internet de las Cosas,77522932-2,252563,Trabajo remoto,Jornada de tiempo parcial
47318,Practicante en Inteligencia Artificial,77539817-5,321159,Trabajo presencial,Jornada de medio tiempo
13794,Practicante en Propiedad Intelectual,77539817-5,203570,Trabajo presencial,Jornada de tiempo completo
13040,Practicante en Periodoncia,77539817-5,282857,Trabajo presencial,Jornada de tiempo completo
74913,Practicante en Demografía,77539817-5,207606,Trabajo presencial,Jornada de tiempo completo
98040,Practicante en Desarrollo de Software,77539817-5,253014,Trabajo presencial,Jornada de medio tiempo
20596,Practicante en Obras Civiles,77539817-5,336569,Trabajo remoto,Jornadas de turnos
37719,Practicante en Kinesiología Pediátrica,77539817-5,263115,Trabajo remoto,Jornadas flexibles
34336,Practicante en Redes Eléctricas,77539817-5,247560,Trabajo presencial,Jornada de tiempo completo
87346,Practicante en Pediatría,77539817-5,234545,Trabajo presencial,Jornadas flexibles
6145,Practicante en Didáctica de la Historia,77541054-K,235154,Trabajo presencial,Jornadas de turnos
66637,Practicante en Laboratorio Químico,77541054-K,307925,Trabajo remoto,Jornada de tiempo parcial
28991,Practicante en Kinesiología Pediátrica,77541054-K,361779,Trabajo remoto,Jornada de tiempo completo
52986,Practicante en Estudios de Género,77541054-K,309193,Trabajo remoto,Jornada de tiempo completo
6454,Practicante en Animación y Modelado 3D,77541054-K,322326,Trabajo presencial,Jornada de medio tiempo
87410,Practicante en Geriatría,77541054-K,214940,Trabajo remoto,Jornada de medio tiempo
30041,Practicante en Vías y Transporte,77541054-K,266770,Trabajo remoto,Jornadas de turnos
93384,Practicante en Calidad,77541054-K,200079,Trabajo presencial,Jornada de tiempo parcial
39999,Practicante en Psicología Organizacional,77541054-K,264700,Trabajo presencial,Jornada de medio tiempo
60184,Practicante en Redes Eléctricas,77541054-K,309567,Trabajo remoto,Jornadas flexibles
7995,Practicante en Obras Civiles,77541054-K,309119,Trabajo remoto,Jornada de medio tiempo
17828,Practicante en Química Orgánica,77541054-K,296156,Trabajo remoto,Jornada de tiempo parcial
20639,Practicante en Gestión Escolar,77541054-K,301113,Trabajo presencial,Jornada de medio tiempo
52141,Practicante en Ingeniería Estructural,77541054-K,251208,Trabajo presencial,Jornada de medio tiempo
32985,Practicante en Estudios de Género,77543342-6,240342,Trabajo remoto,Jornada de tiempo completo
44545,Practicante en Robótica,77543342-6,284268,Trabajo presencial,Jornada de medio tiempo
56255,Practicante en Cirugía,77543342-6,233189,Trabajo presencial,Jornada de tiempo parcial
40836,Practicante en Edición de Video,77547305-3,294218,Trabajo remoto,Jornadas de turnos
89470,Practicante en Mapeo Geológico,77547305-3,222193,Trabajo presencial,Jornadas flexibles
19571,Practicante en Psicoterapia,77547305-3,259789,Trabajo remoto,Jornada de tiempo completo
26306,Practicante en Asistencia Social,77547305-3,225731,Trabajo remoto,Jornada de medio tiempo
74271,Practicante en Diseño de Interiores,77547305-3,210866,Trabajo remoto,Jornadas de turnos
68134,Practicante en Educación Especial,77547305-3,220094,Trabajo presencial,Jornadas de turnos
51053,Practicante en Terapia Respiratoria,77547305-3,342803,Trabajo remoto,Jornada de tiempo completo
43275,Practicante en Gestión Escolar,77547305-3,331008,Trabajo remoto,Jornadas de turnos
71682,Practicante en Ginecología,77547305-3,382058,Trabajo presencial,Jornada de tiempo parcial
76505,Practicante en Psicología Escolar,77547305-3,217144,Trabajo remoto,Jornadas flexibles
36292,Practicante en Didáctica de la Historia,77547305-3,219405,Trabajo presencial,Jornada de tiempo completo
16182,Practicante en Rehabilitación Deportiva,77547305-3,295833,Trabajo remoto,Jornada de medio tiempo
48365,Practicante en Educación Ambiental,77547305-3,230373,Trabajo remoto,Jornada de tiempo completo
18000,Practicante en Ingeniería Estructural,77547305-3,229450,Trabajo remoto,Jornada de tiempo parcial
78873,Practicante en Trabajo Social de Salud,77547305-3,342487,Trabajo remoto,Jornadas de turnos
35765,Practicante en Psicología Forense,77547305-3,314407,Trabajo remoto,Jornada de tiempo parcial
58865,Practicante en Sociología de la Educación,77547305-3,225667,Trabajo remoto,Jornadas de turnos
83466,Practicante en Redes Eléctricas,77547305-3,302760,Trabajo presencial,Jornada de medio tiempo
4467,Practicante en Laboratorio Químico,77547305-3,264333,Trabajo remoto,Jornada de tiempo completo
37020,Practicante en Ginecología,77546885-8,270739,Trabajo remoto,Jornadas flexibles
78131,Practicante en Investigación Histórica,77546885-8,275425,Trabajo remoto,Jornadas de turnos
52111,Practicante en Química Orgánica,77546885-8,216758,Trabajo presencial,Jornadas de turnos
67092,Practicante en Estudio de Arquitectura,77546885-8,211257,Trabajo remoto,Jornada de tiempo completo
38249,Practicante en Psicología Forense,77546885-8,220429,Trabajo remoto,Jornadas de turnos
51101,Practicante en Cirugía,77546885-8,238988,Trabajo presencial,Jornadas flexibles
16141,Practicante en Arte Digital para Publicidad,77546885-8,269970,Trabajo remoto,Jornada de tiempo completo
94864,Practicante en Didáctica de la Historia,77546885-8,260900,Trabajo presencial,Jornada de tiempo parcial
82326,Practicante en Obras Civiles,77548458-6,254862,Trabajo remoto,Jornada de tiempo completo
29646,Practicante en Gestión Escolar,77548458-6,230343,Trabajo remoto,Jornadas flexibles
79152,Practicante en Nanotecnología,77548278-8,304484,Trabajo remoto,Jornada de tiempo parcial
86282,Practicante en Ciberseguridad,77548278-8,207902,Trabajo presencial,Jornada de tiempo parcial
91348,Practicante en Restauración Patrimonial,77548278-8,271643,Trabajo remoto,Jornada de medio tiempo
45689,Practicante en Ginecología,77548278-8,209318,Trabajo presencial,Jornada de tiempo completo
11093,Practicante en Redes,77550783-7,241071,Trabajo remoto,Jornadas de turnos
82266,Practicante en Gestión de Proyectos,77550783-7,265573,Trabajo presencial,Jornadas de turnos
59279,Practicante en Consultoría Empresarial,77557634-0,366300,Trabajo presencial,Jornada de tiempo parcial
81489,Practicante en Arquitectura Sostenible,77557634-0,217985,Trabajo presencial,Jornadas flexibles
35701,Practicante en Identidad Corporativa,77557634-0,395736,Trabajo presencial,Jornada de medio tiempo
26857,Practicante en Calidad,77557634-0,286751,Trabajo remoto,Jornada de tiempo completo
46676,Practicante en Cirugía,77557634-0,230441,Trabajo remoto,Jornada de medio tiempo
79066,Practicante en Kinesiología Pediátrica,77557634-0,307236,Trabajo presencial,Jornadas flexibles
34786,Practicante en Desarrollo de Software,77557634-0,386204,Trabajo remoto,Jornadas de turnos
44978,Practicante en Patrimonio Cultural,77557634-0,261709,Trabajo presencial,Jornada de tiempo completo
74413,Practicante en Animación y Modelado 3D,77557634-0,331815,Trabajo presencial,Jornadas flexibles
78291,Practicante en Medicina General,77557634-0,406568,Trabajo remoto,Jornada de tiempo completo
50491,Practicante en Jardín Infantil,77557634-0,322311,Trabajo presencial,Jornadas de turnos
77367,Practicante en Docencia Histórica,77557634-0,333451,Trabajo remoto,Jornada de medio tiempo
35674,Practicante en Química Inorgánica,77557634-0,334672,Trabajo presencial,Jornada de tiempo completo
9381,Practicante en Obras Civiles,77557913-7,412720,Trabajo remoto,Jornadas flexibles
1021,Practicante en Trabajo Social Penitenciario,77557913-7,242856,Trabajo presencial,Jornadas flexibles
84201,Practicante en Educación Especial,77557913-7,312990,Trabajo presencial,Jornadas flexibles
95215,Practicante en Jardín Infantil,77557913-7,336136,Trabajo remoto,Jornada de tiempo completo
98733,Practicante en Arte Digital para Publicidad,77557913-7,294110,Trabajo presencial,Jornadas flexibles
91797,Practicante en Redes,77557913-7,240917,Trabajo remoto,Jornada de tiempo parcial
6983,Practicante en Estimulación Temprana,77557913-7,200618,Trabajo presencial,Jornadas de turnos
46426,Practicante en Arquitectura Sostenible,77557913-7,206645,Trabajo remoto,Jornada de tiempo completo
89450,Practicante en Didáctica de la Historia,77557913-7,321507,Trabajo remoto,Jornadas flexibles
53847,Practicante en Biología Marina,77557913-7,221630,Trabajo remoto,Jornadas de turnos
45120,Practicante en Kinesiología Pediátrica,77557913-7,280773,Trabajo remoto,Jornada de tiempo completo
43990,Practicante en Kinesiología Pediátrica,77561121-9,263824,Trabajo remoto,Jornadas flexibles
56596,Practicante en Laboratorio Biológico,77561121-9,331796,Trabajo presencial,Jornada de tiempo parcial
44602,Practicante en Laboratorio Químico,77561121-9,217804,Trabajo presencial,Jornada de medio tiempo
68877,Practicante en Óptica y Fotónica,77561121-9,261903,Trabajo remoto,Jornada de tiempo completo
53624,Practicante en Obras Civiles,77561121-9,366816,Trabajo remoto,Jornadas de turnos
81876,Practicante en Edición de Video,77561121-9,295430,Trabajo presencial,Jornada de tiempo parcial
73863,Practicante en Salud Mental,77561121-9,202954,Trabajo presencial,Jornadas flexibles
81903,Practicante en Robótica,77561121-9,211424,Trabajo remoto,Jornada de tiempo parcial
35301,Practicante en Energías Renovables,77561121-9,377581,Trabajo remoto,Jornada de tiempo parcial
60849,Practicante en Cirugía,77561121-9,200024,Trabajo remoto,Jornada de tiempo completo
16767,Practicante en Sistemas de Control,77561121-9,386191,Trabajo remoto,Jornada de tiempo completo
6622,Practicante en Demografía,77561263-0,297825,Trabajo presencial,Jornada de medio tiempo
54163,Practicante en Identidad Corporativa,77561263-0,372607,Trabajo remoto,Jornada de tiempo parcial
32802,Practicante en Kinesiología Pediátrica,77561263-0,284555,Trabajo presencial,Jornada de medio tiempo
90167,Practicante en Asistencia Social,77562486-8,412384,Trabajo remoto,Jornada de tiempo completo
55574,Practicante en Psicología Organizacional,77564141-K,240183,Trabajo presencial,Jornadas de turnos
26619,Practicante en Psicología Forense,77564141-K,242235,Trabajo presencial,Jornada de tiempo completo
75827,Practicante en Endodoncia,77564141-K,206123,Trabajo presencial,Jornadas de turnos
62188,Practicante en Sociología de la Educación,77564141-K,300409,Trabajo presencial,Jornadas de turnos
22645,Practicante en Química Analítica,77564141-K,414437,Trabajo presencial,Jornada de medio tiempo
23352,Practicante en Pediatría,77570956-1,248081,Trabajo remoto,Jornadas de turnos
2810,Practicante en Escuela Primaria,77570956-1,248230,Trabajo presencial,Jornadas de turnos
55671,Practicante en Pedagogía Inclusiva,77570956-1,344752,Trabajo presencial,Jornada de tiempo completo
32927,Practicante en Restauración Patrimonial,77570956-1,232284,Trabajo remoto,Jornadas de turnos
82905,Practicante en Redes,77570956-1,213887,Trabajo presencial,Jornada de medio tiempo
83472,Practicante en Ginecología,77570956-1,262248,Trabajo presencial,Jornada de tiempo completo
61116,Practicante en Diseño de Interiores,77570956-1,215216,Trabajo remoto,Jornadas flexibles
7609,Practicante en Patrimonio Cultural,77570956-1,227867,Trabajo remoto,Jornadas de turnos
93515,Practicante en Laboratorio de Física Aplicada,77570956-1,226284,Trabajo presencial,Jornada de tiempo completo
19663,Practicante en Arquitectura Sostenible,77570956-1,244130,Trabajo presencial,Jornadas flexibles
22275,Practicante en Fisioterapia Deportiva,77570956-1,287135,Trabajo presencial,Jornadas de turnos
51557,Practicante en Asistencia Social,77571131-0,330326,Trabajo remoto,Jornada de medio tiempo
11238,Practicante en Sistemas de Control,77571131-0,310203,Trabajo remoto,Jornada de tiempo completo
9041,Practicante en Laboratorio de Física Aplicada,77571131-0,348643,Trabajo presencial,Jornadas flexibles
74212,Practicante en Arte Digital para Publicidad,77571131-0,271496,Trabajo remoto,Jornadas de turnos
49880,Practicante en Sociología Urbana,77571131-0,276236,Trabajo remoto,Jornadas flexibles
85297,Practicante en Diseño Mecánico,77571131-0,250078,Trabajo presencial,Jornada de tiempo parcial
2065,Practicante en Logística,77571131-0,279703,Trabajo remoto,Jornada de medio tiempo
64246,Practicante en Gestión de Proyectos,77571131-0,318134,Trabajo remoto,Jornadas flexibles
65498,Practicante en Endodoncia,77571131-0,297857,Trabajo remoto,Jornadas flexibles
88570,Practicante en Protección de Menores,77571131-0,309851,Trabajo remoto,Jornada de tiempo parcial
13012,Practicante en Educación Ambiental,77580927-2,217560,Trabajo remoto,Jornada de tiempo completo
64338,Practicante en Realidad Virtual,77580927-2,209426,Trabajo remoto,Jornada de tiempo completo
35408,Practicante en Sociología Urbana,77580927-2,222313,Trabajo remoto,Jornadas flexibles
29664,Practicante en Agencia de Diseño,77581791-7,224357,Trabajo remoto,Jornada de tiempo completo
57967,Practicante en Pedagogía Inclusiva,77581791-7,242306,Trabajo remoto,Jornadas de turnos
15792,Practicante en Óptica y Fotónica,77581791-7,303157,Trabajo remoto,Jornada de medio tiempo
34330,Practicante en Estimulación Temprana,77581791-7,296076,Trabajo remoto,Jornadas de turnos
69486,Practicante en Cirugía,77581791-7,338360,Trabajo remoto,Jornada de tiempo parcial
15124,Practicante en Ortodoncia,77581791-7,248679,Trabajo presencial,Jornadas flexibles
28470,Practicante en Psicoterapia,77581791-7,370229,Trabajo remoto,Jornada de medio tiempo
36326,Practicante en Sociología de la Educación,77581791-7,298080,Trabajo remoto,Jornadas de turnos
27548,Practicante en Animación y Modelado 3D,77581791-7,218329,Trabajo presencial,Jornada de tiempo completo
10731,Practicante en Logística,77581791-7,300679,Trabajo remoto,Jornada de tiempo parcial
32547,Practicante en Inteligencia Artificial,77582444-1,361394,Trabajo presencial,Jornada de tiempo completo
40341,Practicante en Diseño de Interiores,77582444-1,378075,Trabajo presencial,Jornada de tiempo completo
22509,Practicante en Intervención Comunitaria,77582444-1,309447,Trabajo remoto,Jornadas de turnos
94203,Practicante en Obras Civiles,77582444-1,267508,Trabajo presencial,Jornadas flexibles
51902,Practicante en Investigación Histórica,77582444-1,428466,Trabajo remoto,Jornada de medio tiempo
68625,Practicante en Redes Eléctricas,77582444-1,275180,Trabajo presencial,Jornada de medio tiempo
94494,Practicante en Nanotecnología,77582444-1,382836,Trabajo remoto,Jornadas flexibles
92074,Practicante en Rehabilitación Deportiva,77582444-1,245588,Trabajo remoto,Jornadas de turnos
9085,Practicante en Didáctica de la Historia,77583917-1,284291,Trabajo presencial,Jornadas de turnos
55783,Practicante en Psicología Forense,77583917-1,283089,Trabajo presencial,Jornada de tiempo parcial
58641,Practicante en Óptica y Fotónica,77583917-1,202690,Trabajo presencial,Jornadas de turnos
79064,Practicante en Identidad Corporativa,77583917-1,252235,Trabajo remoto,Jornadas de turnos
89696,Practicante en Laboratorio de Física Aplicada,77583917-1,253395,Trabajo remoto,Jornadas de turnos
27751,Practicante en Laboratorio Químico,77583917-1,302479,Trabajo remoto,Jornadas de turnos
38683,Practicante en Trabajo Social de Salud,77583917-1,294057,Trabajo presencial,Jornada de medio tiempo
40581,Practicante en Atención Primaria,77583917-1,222360,Trabajo remoto,Jornadas de turnos
49234,Practicante en Internet de las Cosas,77583134-0,225557,Trabajo presencial,Jornada de tiempo completo
96219,Practicante en Demografía,77583134-0,347848,Trabajo remoto,Jornadas de turnos
38483,Practicante en Investigación Histórica,77583134-0,228653,Trabajo remoto,Jornada de tiempo completo
26108,Practicante en Sociología de la Educación,77583134-0,348930,Trabajo presencial,Jornadas flexibles
30805,Practicante en Ciberseguridad,77583134-0,315245,Trabajo presencial,Jornadas de turnos
8800,Practicante en Agencia de Diseño,77583134-0,328435,Trabajo remoto,Jornada de tiempo parcial
77908,Practicante en Intervención Comunitaria,77583134-0,310342,Trabajo remoto,Jornada de tiempo parcial
14426,Practicante en Educación Ambiental,77583134-0,309633,Trabajo presencial,Jornada de tiempo parcial
14100,Practicante en Cirugía,77583134-0,328397,Trabajo remoto,Jornadas flexibles
50926,Practicante en Física Nuclear,77583134-0,200417,Trabajo presencial,Jornadas flexibles
46342,Practicante en Derecho Penal,77583134-0,246967,Trabajo remoto,Jornada de tiempo parcial
97974,Practicante en Clínica Odontológica,77583134-0,214285,Trabajo remoto,Jornadas de turnos
64731,Practicante en Derecho Corporativo,77583134-0,262653,Trabajo presencial,Jornada de tiempo completo
32822,Practicante en Inteligencia Artificial,77583134-0,226459,Trabajo presencial,Jornadas flexibles
90508,Practicante en Edición de Video,77583134-0,245330,Trabajo presencial,Jornada de tiempo completo
62878,Practicante en Kinesiología Pediátrica,77583134-0,200534,Trabajo presencial,Jornadas flexibles
76271,Practicante en Diseño de Videojuegos,77583134-0,227682,Trabajo remoto,Jornada de tiempo completo
76691,Practicante en Agencia de Diseño,77586209-2,374246,Trabajo remoto,Jornada de tiempo completo
78611,Practicante en Derecho Corporativo,77586209-2,321264,Trabajo presencial,Jornada de medio tiempo
36525,Practicante en Rehabilitación Deportiva,77586209-2,261321,Trabajo presencial,Jornada de tiempo parcial
45199,Practicante en Sociología de la Educación,77586209-2,283845,Trabajo presencial,Jornadas de turnos
33279,Practicante en Laboratorio Biológico,77586209-2,344076,Trabajo remoto,Jornadas flexibles
28187,Practicante en Kinesiología Pediátrica,77587083-4,221910,Trabajo remoto,Jornadas flexibles
92486,Practicante en Neurorehabilitación,77587083-4,248668,Trabajo presencial,Jornada de tiempo parcial
19017,Practicante en Química Inorgánica,77592843-3,269514,Trabajo remoto,Jornadas de turnos
95031,Practicante en Sistemas de Control,77592843-3,307060,Trabajo remoto,Jornadas de turnos
74495,Practicante en Investigación Histórica,77592843-3,323193,Trabajo presencial,Jornada de tiempo completo
38654,Practicante en Ciberseguridad,77592843-3,421341,Trabajo presencial,Jornada de tiempo completo
95264,Practicante en Escuela Primaria,77592843-3,275966,Trabajo remoto,Jornadas flexibles
61579,Practicante en Odontopediatría,77592843-3,204568,Trabajo presencial,Jornadas de turnos
61415,Practicante en Rehabilitación Deportiva,77592843-3,233337,Trabajo remoto,Jornadas de turnos
21278,Practicante en Gestión Escolar,77592843-3,235341,Trabajo remoto,Jornada de tiempo parcial
78679,Practicante en Redes,77592843-3,328401,Trabajo remoto,Jornada de tiempo completo
58636,Practicante en Animación y Modelado 3D,77592843-3,238715,Trabajo remoto,Jornada de tiempo parcial
64411,Practicante en Mecánica de Fluidos,77592843-3,246696,Trabajo remoto,Jornada de medio tiempo
52430,Practicante en Optimización de Procesos,77592843-3,231416,Trabajo presencial,Jornada de tiempo parcial
29570,Practicante en Laboratorio Biológico,77592843-3,235107,Trabajo presencial,Jornadas de turnos
30336,Practicante en Pedagogía Montessori,77592843-3,275395,Trabajo remoto,Jornada de tiempo completo
13093,Practicante en Identidad Corporativa,77592843-3,379091,Trabajo presencial,Jornadas flexibles
8043,Practicante en Protección de Menores,77592843-3,261836,Trabajo remoto,Jornada de medio tiempo
46158,Practicante en Estimulación Temprana,77592843-3,206106,Trabajo presencial,Jornadas de turnos
49561,Practicante en Derecho Penal,77592843-3,260457,Trabajo remoto,Jornada de medio tiempo
97321,Practicante en Ilustración Digital,77592843-3,236629,Trabajo presencial,Jornadas flexibles
98073,Practicante en Óptica y Fotónica,77592843-3,346660,Trabajo remoto,Jornadas flexibles
60336,Practicante en Sociología de la Educación,77592843-3,287520,Trabajo presencial,Jornadas flexibles
47545,Practicante en Hidrología,77592843-3,479555,Trabajo remoto,Jornada de medio tiempo
18336,Practicante en Realidad Virtual,77592843-3,300675,Trabajo presencial,Jornada de tiempo completo
80340,Practicante en Sociología Urbana,77592843-3,303350,Trabajo remoto,Jornadas flexibles
7026,Practicante en Patrimonio Cultural,77592843-3,293114,Trabajo presencial,Jornadas de turnos
64915,Practicante en Terapia Respiratoria,77592843-3,299401,Trabajo remoto,Jornadas flexibles
9326,Practicante en Ilustración Digital,77594832-9,268354,Trabajo remoto,Jornada de tiempo completo
57058,Practicante en Museología,77594832-9,295050,Trabajo remoto,Jornada de tiempo completo
24354,Practicante en Educación Artística,77594832-9,297933,Trabajo remoto,Jornada de tiempo parcial
45899,Practicante en Periodoncia,77594832-9,282811,Trabajo remoto,Jornada de tiempo parcial
96359,Practicante en Asistencia Social,77602271-3,313279,Trabajo remoto,Jornada de tiempo parcial
60757,Practicante en Jardín Infantil,77602271-3,310193,Trabajo presencial,Jornada de medio tiempo
47321,Practicante en Educación Especial,77602271-3,207849,Trabajo remoto,Jornada de tiempo completo
59519,Practicante en Estudios de Género,77602271-3,286690,Trabajo presencial,Jornada de tiempo completo
83518,Practicante en Psicología Forense,77615647-7,279139,Trabajo presencial,Jornada de medio tiempo
30435,Practicante en Endodoncia,77615647-7,294409,Trabajo remoto,Jornada de tiempo completo
71061,Practicante en Estudios de Género,77615647-7,206273,Trabajo presencial,Jornada de tiempo completo
83311,Practicante en Química Analítica,77615647-7,311760,Trabajo remoto,Jornada de tiempo parcial
53696,Practicante en Psicología Escolar,77615647-7,238271,Trabajo presencial,Jornada de medio tiempo
18276,Practicante en Odontopediatría,77615647-7,422414,Trabajo presencial,Jornadas de turnos
71789,Practicante en Museología,77615647-7,224688,Trabajo remoto,Jornadas de turnos
30615,Practicante en Diseño de Interiores,77615647-7,314761,Trabajo presencial,Jornada de tiempo parcial
21058,Practicante en Arquitectura Sostenible,77615647-7,310951,Trabajo presencial,Jornada de tiempo parcial
2208,Practicante en Estimulación Temprana,77615647-7,256518,Trabajo presencial,Jornada de tiempo completo
11679,Practicante en Diseño de Videojuegos,77615647-7,218946,Trabajo presencial,Jornada de tiempo completo
92725,Practicante en Mecánica de Fluidos,77615647-7,208806,Trabajo presencial,Jornada de tiempo completo
53724,Practicante en Derecho Corporativo,77615647-7,257151,Trabajo presencial,Jornadas flexibles
62689,Practicante en Intervención Comunitaria,77624294-2,219660,Trabajo remoto,Jornada de tiempo parcial
65410,Practicante en Sociología de la Educación,77624323-K,304968,Trabajo remoto,Jornadas de turnos
1145,Practicante en Arquitectura Sostenible,77624323-K,337204,Trabajo remoto,Jornada de tiempo completo
40320,Practicante en Derecho Corporativo,77624323-K,318678,Trabajo presencial,Jornadas flexibles
22149,Practicante en Ecología,77624323-K,253296,Trabajo presencial,Jornada de tiempo parcial
87990,Practicante en Psicología Organizacional,77624323-K,284130,Trabajo remoto,Jornadas de turnos
47218,Practicante en Arte Digital para Publicidad,77624323-K,332394,Trabajo remoto,Jornada de tiempo parcial
54401,Practicante en Terapia Respiratoria,77624323-K,210950,Trabajo presencial,Jornada de tiempo completo
28272,Practicante en Consultoría Empresarial,77624323-K,357746,Trabajo remoto,Jornada de medio tiempo
20453,Practicante en Ingeniería Estructural,77624323-K,229944,Trabajo presencial,Jornadas de turnos
70130,Practicante en Logística,77624323-K,242844,Trabajo remoto,Jornada de tiempo parcial
72689,Practicante en Psicología Forense,77624323-K,366180,Trabajo presencial,Jornada de tiempo completo
83828,Practicante en Redes Eléctricas,77624323-K,243213,Trabajo remoto,Jornada de tiempo completo
56873,Practicante en Obras Civiles,77624323-K,223472,Trabajo presencial,Jornada de tiempo completo
75000,Practicante en Docencia Histórica,77624323-K,259522,Trabajo presencial,Jornada de medio tiempo
75820,Practicante en Geofísica,77627972-2,200514,Trabajo remoto,Jornadas flexibles
66527,Practicante en Geriatría,77627972-2,208181,Trabajo presencial,Jornadas flexibles
61664,Practicante en Ilustración Digital,77627972-2,253628,Trabajo presencial,Jornadas de turnos
26707,Practicante en Educación Ambiental,77627972-2,224724,Trabajo remoto,Jornada de medio tiempo
64038,Practicante en Estudio de Arquitectura,77627972-2,207702,Trabajo presencial,Jornada de medio tiempo
68252,Practicante en Atención Primaria,77627972-2,436592,Trabajo remoto,Jornadas de turnos
51566,Practicante en Realidad Virtual,77627972-2,303238,Trabajo presencial,Jornada de tiempo parcial
37245,Practicante en Escuela Primaria,77632051-K,215900,Trabajo presencial,Jornada de tiempo parcial
32641,Practicante en Urbanismo,77632051-K,213354,Trabajo remoto,Jornada de tiempo completo
93669,Practicante en Óptica y Fotónica,77632051-K,398061,Trabajo presencial,Jornada de tiempo completo
15067,Practicante en Física Nuclear,77632051-K,307078,Trabajo presencial,Jornada de tiempo completo
37847,Practicante en Derechos Humanos,77632051-K,316550,Trabajo presencial,Jornada de medio tiempo
96132,Practicante en Química Analítica,77632051-K,249650,Trabajo remoto,Jornada de medio tiempo
88262,Practicante en Protección de Menores,77636544-0,225514,Trabajo presencial,Jornadas de turnos
76863,Practicante en Diseño de Packaging,77636544-0,276478,Trabajo remoto,Jornadas flexibles
10933,Practicante en Derecho Penal,77649154-3,223461,Trabajo remoto,Jornada de tiempo parcial
63308,Practicante en Diseño Editorial,77649154-3,364503,Trabajo remoto,Jornadas flexibles
5472,Practicante en Gestión de Proyectos,77649154-3,205183,Trabajo presencial,Jornada de tiempo completo
14794,Practicante en Cardiología,77649154-3,304491,Trabajo remoto,Jornada de medio tiempo
14336,Practicante en Geriatría,77649154-3,201057,Trabajo presencial,Jornada de tiempo parcial
13724,Practicante en Identidad Corporativa,77649154-3,385996,Trabajo remoto,Jornadas de turnos
75402,Practicante en Biología Marina,77649154-3,212504,Trabajo remoto,Jornada de medio tiempo
90265,Practicante en Microbiología,77650183-2,305688,Trabajo remoto,Jornada de tiempo parcial
10784,Practicante en Pediatría,77650183-2,377732,Trabajo presencial,Jornada de tiempo parcial
92749,Practicante en Escuela Primaria,77650183-2,227499,Trabajo presencial,Jornada de medio tiempo
44899,Practicante en Optimización de Procesos,77650183-2,338384,Trabajo remoto,Jornada de tiempo parcial
26841,Practicante en Energías Renovables,77655083-3,239816,Trabajo remoto,Jornada de tiempo completo
68435,Practicante en Psicología Escolar,77655083-3,217967,Trabajo remoto,Jornadas de turnos
54379,Practicante en Educación Ambiental,77655083-3,230602,Trabajo presencial,Jornada de tiempo parcial
78935,Practicante en Nanotecnología,77655083-3,316829,Trabajo presencial,Jornada de tiempo parcial
51649,Practicante en Estudio de Arquitectura,77655083-3,213563,Trabajo presencial,Jornada de tiempo completo
355,Practicante en Diseño de Interiores,77655083-3,338537,Trabajo presencial,Jornadas de turnos
18908,Practicante en Intervención Comunitaria,77655083-3,343164,Trabajo remoto,Jornada de medio tiempo
43005,Practicante en Pedagogía Montessori,77655083-3,237027,Trabajo presencial,Jornada de medio tiempo
22536,Practicante en Redes,77655083-3,281061,Trabajo remoto,Jornada de tiempo completo
9402,Practicante en Diseño de Packaging,77655083-3,283797,Trabajo remoto,Jornada de tiempo parcial
24858,Practicante en Diseño Editorial,77655083-3,300138,Trabajo presencial,Jornada de tiempo parcial
54610,Practicante en Óptica y Fotónica,77655083-3,339391,Trabajo remoto,Jornada de tiempo parcial
29558,Practicante en Gestión Escolar,77659733-3,238522,Trabajo presencial,Jornada de medio tiempo
26965,Practicante en Pedagogía Inclusiva,77659733-3,227655,Trabajo presencial,Jornada de medio tiempo
81089,Practicante en Psicología Forense,77659733-3,290405,Trabajo presencial,Jornada de medio tiempo
98098,Practicante en Cirugía,77659733-3,236090,Trabajo presencial,Jornadas de turnos
50605,Practicante en Pediatría,77659733-3,232093,Trabajo remoto,Jornadas de turnos
81407,Practicante en Realidad Virtual,77659733-3,348459,Trabajo remoto,Jornada de tiempo parcial
26828,Practicante en Ciberseguridad,77659733-3,366940,Trabajo presencial,Jornada de tiempo completo
46469,Practicante en Estimulación Temprana,77659733-3,312253,Trabajo presencial,Jornadas flexibles
10635,Practicante en Mecánica de Fluidos,77667992-5,268769,Trabajo presencial,Jornada de medio tiempo
9172,Practicante en Biología Marina,77667992-5,285877,Trabajo remoto,Jornada de tiempo parcial
32366,Practicante en Laboratorio Biológico,77668359-0,234482,Trabajo presencial,Jornadas flexibles
9818,Practicante en Atención Primaria,77668359-0,255783,Trabajo remoto,Jornadas flexibles
52288,Practicante en Psicología Forense,77668359-0,420890,Trabajo presencial,Jornada de medio tiempo
39941,Practicante en Psicología Organizacional,77668359-0,269032,Trabajo presencial,Jornada de medio tiempo
60430,Practicante en Diseño de Packaging,77668359-0,279293,Trabajo remoto,Jornada de tiempo parcial
80578,Practicante en Trabajo Social de Salud,77668359-0,398254,Trabajo presencial,Jornadas flexibles
30123,Practicante en Psicología Escolar,77668359-0,356162,Trabajo remoto,Jornada de tiempo parcial
90683,Practicante en Intervención Comunitaria,77668359-0,225630,Trabajo presencial,Jornadas flexibles
36485,Practicante en Diseño de Packaging,77668878-9,250274,Trabajo presencial,Jornadas flexibles
65870,Practicante en Museología,77668878-9,342356,Trabajo presencial,Jornada de tiempo parcial
44173,Practicante en Psicoterapia,77668878-9,258595,Trabajo remoto,Jornadas de turnos
70969,Practicante en Arte Digital para Publicidad,77668878-9,334068,Trabajo presencial,Jornadas de turnos
22690,Practicante en Pedagogía Inclusiva,77668878-9,277647,Trabajo presencial,Jornada de tiempo completo
82736,Practicante en Cardiología,77668878-9,288500,Trabajo presencial,Jornada de tiempo completo
37871,Practicante en Pedagogía Montessori,77668878-9,210980,Trabajo presencial,Jornadas de turnos
6294,Practicante en Edición de Video,77668878-9,207183,Trabajo presencial,Jornadas flexibles
56955,Practicante en Jardín Infantil,77668878-9,254791,Trabajo remoto,Jornadas flexibles
12386,Practicante en Trabajo Social de Salud,77668878-9,318683,Trabajo presencial,Jornada de tiempo completo
38819,Practicante en Laboratorio Químico,77671927-7,335300,Trabajo presencial,Jornada de medio tiempo
22428,Practicante en Química Analítica,77671927-7,237721,Trabajo presencial,Jornadas de turnos
17557,Practicante en Sistemas de Control,77671927-7,332076,Trabajo presencial,Jornadas de turnos
56394,Practicante en Asistencia Social,77671927-7,212606,Trabajo presencial,Jornadas de turnos
56806,Practicante en Ingeniería Estructural,77671927-7,246660,Trabajo remoto,Jornada de medio tiempo
90162,Practicante en Educación Especial,77671927-7,330713,Trabajo presencial,Jornadas flexibles
33683,Practicante en Realidad Virtual,77671927-7,212362,Trabajo presencial,Jornadas de turnos
15882,Practicante en Psicología Organizacional,77671927-7,214210,Trabajo presencial,Jornadas flexibles
10619,Practicante en Protección de Menores,77671927-7,375554,Trabajo presencial,Jornada de medio tiempo
95593,Practicante en Petrología,77671927-7,359771,Trabajo remoto,Jornada de tiempo completo
41904,Practicante en Desarrollo de Software,77671927-7,222693,Trabajo presencial,Jornada de medio tiempo
89173,Practicante en Óptica y Fotónica,77671927-7,211019,Trabajo remoto,Jornada de tiempo completo
65448,Practicante en Animación y Modelado 3D,77671927-7,290670,Trabajo presencial,Jornadas flexibles
69121,Practicante en Diseño de Packaging,77671927-7,289963,Trabajo presencial,Jornadas de turnos
6420,Practicante en Derecho Corporativo,77671927-7,220744,Trabajo presencial,Jornada de tiempo parcial
56301,Practicante en Energía Renovable,77671927-7,268892,Trabajo remoto,Jornada de tiempo parcial
56682,Practicante en Laboratorio de Física Aplicada,77671927-7,217211,Trabajo presencial,Jornada de medio tiempo
66536,Practicante en Derechos Humanos,77671927-7,275622,Trabajo presencial,Jornada de medio tiempo
74270,Practicante en Energías Renovables,77671927-7,391852,Trabajo presencial,Jornada de medio tiempo
6964,Practicante en Sociología de la Educación,77672712-1,241977,Trabajo remoto,Jornada de tiempo parcial
9842,Practicante en Laboratorio de Física Aplicada,77672712-1,260159,Trabajo presencial,Jornada de tiempo completo
37960,Practicante en Arte Digital para Publicidad,77672712-1,286893,Trabajo remoto,Jornada de tiempo parcial
78792,Practicante en Diseño Editorial,77672712-1,213978,Trabajo remoto,Jornada de tiempo parcial
22437,Practicante en Diseño de Videojuegos,77672712-1,244848,Trabajo remoto,Jornadas de turnos
6393,Practicante en Pedagogía Inclusiva,77672712-1,341965,Trabajo presencial,Jornada de tiempo parcial
6794,Practicante en Óptica y Fotónica,77672712-1,213396,Trabajo remoto,Jornada de tiempo parcial
98459,Practicante en Estudio de Arquitectura,77672712-1,345358,Trabajo presencial,Jornadas de turnos
89499,Practicante en Trabajo Social de Salud,77672712-1,212143,Trabajo remoto,Jornada de medio tiempo
29374,Practicante en Geriatría,77672712-1,225016,Trabajo presencial,Jornadas flexibles
83356,Practicante en Protección de Menores,77672712-1,234627,Trabajo remoto,Jornada de tiempo parcial
15928,Practicante en Estudios de Género,77672615-K,336327,Trabajo remoto,Jornada de tiempo completo
48995,Practicante en Diseño de Packaging,77672615-K,318447,Trabajo presencial,Jornadas de turnos
47650,Practicante en Derecho Corporativo,77672615-K,250701,Trabajo presencial,Jornada de tiempo parcial
21485,Practicante en Sociología de la Educación,77672615-K,304235,Trabajo presencial,Jornada de tiempo completo
48917,Practicante en Fabricación de Maquinaria,77672615-K,210761,Trabajo remoto,Jornada de medio tiempo
83863,Practicante en Obras Civiles,77672615-K,247420,Trabajo presencial,Jornada de tiempo parcial
69080,Practicante en Sociología Urbana,77672615-K,317315,Trabajo remoto,Jornada de medio tiempo
4016,Practicante en Sistemas de Control,77672615-K,227641,Trabajo remoto,Jornadas flexibles
8412,Practicante en Animación y Modelado 3D,77672615-K,280234,Trabajo remoto,Jornada de tiempo completo
47919,Practicante en Laboratorio Biológico,77672615-K,221769,Trabajo presencial,Jornada de tiempo completo
50698,Practicante en Vías y Transporte,77672615-K,297054,Trabajo remoto,Jornadas de turnos
19159,Practicante en Trabajo Social de Salud,77686058-1,306896,Trabajo remoto,Jornada de tiempo completo
76360,Practicante en Psicología Organizacional,77686058-1,422302,Trabajo remoto,Jornada de medio tiempo
35612,Practicante en Logística,77690419-8,214347,Trabajo presencial,Jornada de medio tiempo